"Name","Internal name","Type","Description","Group name","Form field","Options","Read only value","Read only definition","Calculated","External options","Deleted","HubSpot defined","Created user","Created date","Usages","Fill rate","data_entry_instructions","option_descriptions"
"Cumulative time in ""Project Identified (Project)""","hs_v2_cumulative_time_in_27160586","number","The cumulative time in seconds spent by the Project in the 'Project Identified' stage, 'Project' pipeline","customobjectstages","false","","true","true","false","false","false","true","HubSpot","Not applicable","","0.39%","",""
"Cumulative time in ""Planning Approved (Project)""","hs_v2_cumulative_time_in_27174267","number","The cumulative time in seconds spent by the Project in the 'Planning Approved' stage, 'Project' pipeline","customobjectstages","false","","true","true","false","false","false","true","HubSpot","Not applicable","","0%","",""
"Cumulative time in ""Pre-Tender (Project)""","hs_v2_cumulative_time_in_27174268","number","The cumulative time in seconds spent by the Project in the 'Pre-Tender' stage, 'Project' pipeline","customobjectstages","false","","true","true","false","false","false","true","HubSpot","Not applicable","","0%","",""
"Cumulative time in ""Pre-Construction (Project)""","hs_v2_cumulative_time_in_27174269","number","The cumulative time in seconds spent by the Project in the 'Pre-Construction' stage, 'Project' pipeline","customobjectstages","false","","true","true","false","false","false","true","HubSpot","Not applicable","","0.39%","",""
"Cumulative time in ""Contracts Awarded (Project)""","hs_v2_cumulative_time_in_27174270","number","The cumulative time in seconds spent by the Project in the 'Contracts Awarded' stage, 'Project' pipeline","customobjectstages","false","","true","true","false","false","false","true","HubSpot","Not applicable","","1.16%","",""
"Cumulative time in ""Pre-Install Construction (Project)""","hs_v2_cumulative_time_in_27174271","number","The cumulative time in seconds spent by the Project in the 'Pre-Install Construction' stage, 'Project' pipeline","customobjectstages","false","","true","true","false","false","false","true","HubSpot","Not applicable","","0%","",""
"Cumulative time in ""Install Construction (Project)""","hs_v2_cumulative_time_in_27174272","number","The cumulative time in seconds spent by the Project in the 'Install Construction' stage, 'Project' pipeline","customobjectstages","false","","true","true","false","false","false","true","HubSpot","Not applicable","","0%","",""
"Cumulative time in ""Completed (Project)""","hs_v2_cumulative_time_in_27174273","number","The cumulative time in seconds spent by the Project in the 'Completed' stage, 'Project' pipeline","customobjectstages","false","","true","true","false","false","false","true","HubSpot","Not applicable","","0%","",""
"Cumulative time in ""Lost (Project)""","hs_v2_cumulative_time_in_27174274","number","The cumulative time in seconds spent by the Project in the 'Lost' stage, 'Project' pipeline","customobjectstages","false","","true","true","false","false","false","true","HubSpot","Not applicable","","0%","",""
"Date entered ""Project Identified (Project)""","hs_v2_date_entered_27160586","datetime","The date and time when the Project entered the 'Project Identified' stage, 'Project' pipeline","customobjectstages","false","","true","true","false","false","false","true","HubSpot","Not applicable","","2.7%","",""
"Date entered ""Planning Approved (Project)""","hs_v2_date_entered_27174267","datetime","The date and time when the Project entered the 'Planning Approved' stage, 'Project' pipeline","customobjectstages","false","","true","true","false","false","false","true","HubSpot","Not applicable","","0%","",""
"Date entered ""Pre-Tender (Project)""","hs_v2_date_entered_27174268","datetime","The date and time when the Project entered the 'Pre-Tender' stage, 'Project' pipeline","customobjectstages","false","","true","true","false","false","false","true","HubSpot","Not applicable","","3.47%","",""
"Date entered ""Pre-Construction (Project)""","hs_v2_date_entered_27174269","datetime","The date and time when the Project entered the 'Pre-Construction' stage, 'Project' pipeline","customobjectstages","false","","true","true","false","false","false","true","HubSpot","Not applicable","","2.7%","",""
"Date entered ""Contracts Awarded (Project)""","hs_v2_date_entered_27174270","datetime","The date and time when the Project entered the 'Contracts Awarded' stage, 'Project' pipeline","customobjectstages","false","","true","true","false","false","false","true","HubSpot","Not applicable","","3.47%","",""
"Date entered ""Pre-Install Construction (Project)""","hs_v2_date_entered_27174271","datetime","The date and time when the Project entered the 'Pre-Install Construction' stage, 'Project' pipeline","customobjectstages","false","","true","true","false","false","false","true","HubSpot","Not applicable","","3.47%","",""
"Date entered ""Install Construction (Project)""","hs_v2_date_entered_27174272","datetime","The date and time when the Project entered the 'Install Construction' stage, 'Project' pipeline","customobjectstages","false","","true","true","false","false","false","true","HubSpot","Not applicable","","1.93%","",""
"Date entered ""Completed (Project)""","hs_v2_date_entered_27174273","datetime","The date and time when the Project entered the 'Completed' stage, 'Project' pipeline","customobjectstages","false","","true","true","false","false","false","true","HubSpot","Not applicable","","0%","",""
"Date entered ""Lost (Project)""","hs_v2_date_entered_27174274","datetime","The date and time when the Project entered the 'Lost' stage, 'Project' pipeline","customobjectstages","false","","true","true","false","false","false","true","HubSpot","Not applicable","","0.39%","",""
"Date entered current stage","hs_v2_date_entered_current_stage","datetime","The date this object entered its current pipeline stage","customobjectstages","false","","true","true","true","false","false","true","HubSpot","Not applicable","Calculated properties (1)","16.22%","",""
"Date exited ""Project Identified (Project)""","hs_v2_date_exited_27160586","datetime","The date and time when the Project exited the 'Project Identified' stage, 'Project' pipeline","customobjectstages","false","","true","true","false","false","false","true","HubSpot","Not applicable","","0.39%","",""
"Date exited ""Planning Approved (Project)""","hs_v2_date_exited_27174267","datetime","The date and time when the Project exited the 'Planning Approved' stage, 'Project' pipeline","customobjectstages","false","","true","true","false","false","false","true","HubSpot","Not applicable","","0%","",""
"Date exited ""Pre-Tender (Project)""","hs_v2_date_exited_27174268","datetime","The date and time when the Project exited the 'Pre-Tender' stage, 'Project' pipeline","customobjectstages","false","","true","true","false","false","false","true","HubSpot","Not applicable","","0%","",""
"Date exited ""Pre-Construction (Project)""","hs_v2_date_exited_27174269","datetime","The date and time when the Project exited the 'Pre-Construction' stage, 'Project' pipeline","customobjectstages","false","","true","true","false","false","false","true","HubSpot","Not applicable","","0.39%","",""
"Date exited ""Contracts Awarded (Project)""","hs_v2_date_exited_27174270","datetime","The date and time when the Project exited the 'Contracts Awarded' stage, 'Project' pipeline","customobjectstages","false","","true","true","false","false","false","true","HubSpot","Not applicable","","1.16%","",""
"Date exited ""Pre-Install Construction (Project)""","hs_v2_date_exited_27174271","datetime","The date and time when the Project exited the 'Pre-Install Construction' stage, 'Project' pipeline","customobjectstages","false","","true","true","false","false","false","true","HubSpot","Not applicable","","0%","",""
"Date exited ""Install Construction (Project)""","hs_v2_date_exited_27174272","datetime","The date and time when the Project exited the 'Install Construction' stage, 'Project' pipeline","customobjectstages","false","","true","true","false","false","false","true","HubSpot","Not applicable","","0%","",""
"Date exited ""Completed (Project)""","hs_v2_date_exited_27174273","datetime","The date and time when the Project exited the 'Completed' stage, 'Project' pipeline","customobjectstages","false","","true","true","false","false","false","true","HubSpot","Not applicable","","0%","",""
"Date exited ""Lost (Project)""","hs_v2_date_exited_27174274","datetime","The date and time when the Project exited the 'Lost' stage, 'Project' pipeline","customobjectstages","false","","true","true","false","false","false","true","HubSpot","Not applicable","","0%","",""
"Latest time in ""Project Identified (Project)""","hs_v2_latest_time_in_27160586","number","The total time in seconds spent by the Project in the 'Project Identified' stage, 'Project' pipeline since it last entered this stage","customobjectstages","false","","true","true","false","false","false","true","HubSpot","Not applicable","","0.39%","",""
"Latest time in ""Planning Approved (Project)""","hs_v2_latest_time_in_27174267","number","The total time in seconds spent by the Project in the 'Planning Approved' stage, 'Project' pipeline since it last entered this stage","customobjectstages","false","","true","true","false","false","false","true","HubSpot","Not applicable","","0%","",""
"Latest time in ""Pre-Tender (Project)""","hs_v2_latest_time_in_27174268","number","The total time in seconds spent by the Project in the 'Pre-Tender' stage, 'Project' pipeline since it last entered this stage","customobjectstages","false","","true","true","false","false","false","true","HubSpot","Not applicable","","0%","",""
"Latest time in ""Pre-Construction (Project)""","hs_v2_latest_time_in_27174269","number","The total time in seconds spent by the Project in the 'Pre-Construction' stage, 'Project' pipeline since it last entered this stage","customobjectstages","false","","true","true","false","false","false","true","HubSpot","Not applicable","","0.39%","",""
"Latest time in ""Contracts Awarded (Project)""","hs_v2_latest_time_in_27174270","number","The total time in seconds spent by the Project in the 'Contracts Awarded' stage, 'Project' pipeline since it last entered this stage","customobjectstages","false","","true","true","false","false","false","true","HubSpot","Not applicable","","1.16%","",""
"Latest time in ""Pre-Install Construction (Project)""","hs_v2_latest_time_in_27174271","number","The total time in seconds spent by the Project in the 'Pre-Install Construction' stage, 'Project' pipeline since it last entered this stage","customobjectstages","false","","true","true","false","false","false","true","HubSpot","Not applicable","","0%","",""
"Latest time in ""Install Construction (Project)""","hs_v2_latest_time_in_27174272","number","The total time in seconds spent by the Project in the 'Install Construction' stage, 'Project' pipeline since it last entered this stage","customobjectstages","false","","true","true","false","false","false","true","HubSpot","Not applicable","","0%","",""
"Latest time in ""Completed (Project)""","hs_v2_latest_time_in_27174273","number","The total time in seconds spent by the Project in the 'Completed' stage, 'Project' pipeline since it last entered this stage","customobjectstages","false","","true","true","false","false","false","true","HubSpot","Not applicable","","0%","",""
"Latest time in ""Lost (Project)""","hs_v2_latest_time_in_27174274","number","The total time in seconds spent by the Project in the 'Lost' stage, 'Project' pipeline since it last entered this stage","customobjectstages","false","","true","true","false","false","false","true","HubSpot","Not applicable","","0%","",""
"Time in current stage","hs_v2_time_in_current_stage","datetime","The time this object has spent in the current pipeline stage","customobjectstages","false","","true","true","true","false","false","true","HubSpot","Not applicable","","16.22%","",""
"Barrier Value","barrier_value","number","","project_information","true","","false","false","false","false","false","false","Unknown user","6/30/22","Workflows (1); Create record forms (1); Reports (5); Views (1); Property cards (1)","14.29%","",""
"Co-Owner","co_owner","enumeration","","project_information","false","","false","false","false","true","false","false","Unknown user","7/18/22","Views (1); Property cards (1)","3.47%","",""
"Companies","companies","string","","project_information","true","","false","false","false","false","false","false","Stephen Neville","12/5/25","","42.08%","",""
"Company Contact","company_contact","string","","project_information","true","","false","false","false","false","false","false","Stephen Neville","12/5/25","","0%","",""
"Estimated Completion Date","estimated_completion_date","date","","project_information","true","","false","false","false","false","false","false","Unknown user","6/30/22","Create record forms (1); Reports (1); Association cards (1); Views (3); Property cards (1); Association cards (1)","15.44%","",""
"Estimated Construction Date","estimated_construction_date","date","","project_information","true","","false","false","false","false","false","false","Unknown user","6/30/22","Workflows (1); Create record forms (1); Reports (4); Views (2); Property cards (1)","15.83%","",""
"Created by user ID","hs_created_by_user_id","number","The user who created this record. This value is set automatically by HubSpot.","project_information","false","","true","true","false","true","false","true","HubSpot","Not applicable","","100%","",""
"Object create date/time","hs_createdate","datetime","The date and time at which this object was created. This value is automatically set by HubSpot and may not be modified.","project_information","false","","true","true","false","false","false","true","HubSpot","Not applicable","Reports (10); Views (2); Dashboards (1)","100%","",""
"Object last modified date/time","hs_lastmodifieddate","datetime","Most recent timestamp of any property update for this object. This includes HubSpot internal properties, which can be visible or hidden. This property is updated automatically.","project_information","false","","true","true","false","false","false","true","HubSpot","Not applicable","Views (1)","100%","",""
"Merged record IDs","hs_merged_object_ids","enumeration","The list of record IDs that have been merged into this record. This value is set automatically by HubSpot.","project_information","false","","true","true","false","true","false","true","HubSpot","Not applicable","","0%","",""
"Record ID","hs_object_id","number","The unique ID for this record. This value is set automatically by HubSpot.","project_information","false","","true","true","false","false","false","true","HubSpot","Not applicable","","100%","",""
"Record source detail 1","hs_object_source_detail_1","string","First level of detail on how this record was created.","project_information","false","","true","true","false","false","false","true","HubSpot","Not applicable","","84.17%","",""
"Record source detail 2","hs_object_source_detail_2","string","Second level of detail on how this record was created.","project_information","false","","true","true","false","false","false","true","HubSpot","Not applicable","","0%","",""
"Record source detail 3","hs_object_source_detail_3","string","Third level of detail on how this record was created.","project_information","false","","true","true","false","false","false","true","HubSpot","Not applicable","","0%","",""
"Record source","hs_object_source_label","enumeration","How this record was created.","project_information","false","","true","true","false","true","false","true","HubSpot","Not applicable","","100%","",""
"Project pipeline","hs_pipeline","enumeration","The pipeline of this Project","project_information","true","","false","true","false","true","false","true","HubSpot","Not applicable","Create record forms (1)","16.22%","",""
"Project pipeline stage","hs_pipeline_stage","enumeration","The pipeline stage of this Project","project_information","true","","false","true","false","true","false","true","HubSpot","Not applicable","Calculated properties (1); Workflows (1); Create record forms (1); Reports (4); Association cards (1); Views (3); Property cards (1); Association cards (1)","16.22%","",""
"Shared teams","hs_shared_team_ids","enumeration","Additional teams whose users can access the record based on their permissions. This can be set manually or through Workflows or APIs.","project_information","false","","false","true","false","true","false","true","HubSpot","Not applicable","","0%","",""
"Shared users","hs_shared_user_ids","enumeration","Additional users that can access the record based on their permissions. This can be set manually or through Workflows and APIs.","project_information","false","","false","true","false","true","false","true","HubSpot","Not applicable","","0%","",""
"Updated by user ID","hs_updated_by_user_id","number","The user who last updated this record. This value is set automatically by HubSpot.","project_information","false","","true","true","false","true","false","true","HubSpot","Not applicable","","100%","",""
"Owner assigned date","hubspot_owner_assigneddate","datetime","The most recent timestamp of when an owner was assigned to this record. This value is set automatically by HubSpot.","project_information","false","","true","true","false","false","false","true","HubSpot","Not applicable","","99.61%","",""
"Owner","hubspot_owner_id","enumeration","The owner of the object.","project_information","false","","false","true","false","true","false","true","HubSpot","Not applicable","Workflows (1); Create record forms (1); Reports (7); Views (2); Dashboards (1); Property cards (1)","99.61%","",""
"Owner's main team","hubspot_team_id","enumeration","The main team of the record owner. This value is set automatically by HubSpot.","project_information","false","","true","true","false","true","false","true","HubSpot","Not applicable","","97.68%","",""
"Organisation","organisation","string","","project_information","true","","false","false","false","false","false","false","Stephen Neville","12/5/25","","42.08%","",""
"Postcode","postcode","string","","project_information","true","","false","false","false","false","false","false","Stephen Neville","12/5/25","","42.47%","",""
"Product","product","string","","project_information","true","","false","false","false","false","false","false","Unknown user","6/30/22","Workflows (1); Create record forms (1); Views (2); Property cards (1)","100%","",""
"Project Location","project_location","string","","project_information","true","","false","false","false","false","false","false","Unknown user","6/30/22","Workflows (1); Create record forms (1); Reports (1); Association cards (1); Views (3); Property cards (1); Association cards (1)","100%","",""
"Project Name","project_name","string","","project_information","true","","false","false","false","false","false","false","Unknown user","6/30/22","Workflows (1); Create record forms (1); Views (4)","100%","",""
"Project products","project_products","enumeration","","project_information","true","Membrane WP; Phoenix; Phoenix Horizontal; Apollo Lite; Apollo Horizontal; Zeus Lite; Zeus Horizontal; Athena; Titan Lite; Titan Lite Horizontal","false","false","false","false","false","false","Unknown user","7/15/22","","0%","",""
"Project Status (Won vs Lost)","project_status__won_vs_lost_","enumeration","","project_information","true","Won; Lost","false","false","false","false","false","false","Unknown user","7/18/22","Views (1)","0%","",""
"Project Type","project_type","enumeration","","project_information","true","Residential; Commercial; Industrial; Infrastructure; Social Housing; Health; Education; Retail; Historic; Misc","false","false","false","false","false","false","Unknown user","6/30/22","Create record forms (1); Views (3)","15.83%","",""
"Reasons for Loss","reasons_for_loss","enumeration","","project_information","true","Project Did not go ahead; Swap to competitor product; Used another type of product; Lack of Certification","false","false","false","false","false","false","Unknown user","6/30/22","Property cards (1)","0%","",""
"RIBA Workstage","riba_workstage","enumeration","","project_information","true","5 - Manufacturing & Construction; 4 - Technical Design; 3 - Spatial Coordination; 2 - Concept Design; 1 - Preparation and Briefing; Not shared; Not Set","false","false","false","false","false","false","Stephen Neville","12/5/25","","84.17%","",""
"Volume","volume","string","","project_information","true","","false","false","false","false","false","false","Unknown user","7/18/22","","0%","",""
